"","COMID"
"1",8467597
"2",8467601
"3",8467611
"4",8466993
"5",8467603
"6",8467657
"7",8466989
"8",8466977
"9",8466979
"10",8466973
"11",8466967
"12",8466961
"13",8466953
"14",8466937
"15",8466915
"16",8466907
"17",8466897
"18",8466875
"19",8466877
"20",8466923
"21",8466933
"22",8466935
"23",8466965
"24",8467565
"25",8466849
"26",8466839
"27",8466833
"28",8466793
"29",8466783
"30",8466759
"31",8466701
"32",8466693
"33",8465353
"34",8466687
"35",8465329
"36",8465429
"37",8465259
"38",8465239
"39",8465231
"40",8465221
"41",8465195
"42",8465187
"43",8465159
"44",8465135
"45",8465119
"46",8465077
"47",8465071
"48",8465065
"49",8465043
"50",8465027
"51",8465025
"52",8465015
"53",8464983
"54",8464979
"55",8464953
"56",8464955
"57",8464933
"58",8464911
"59",8465421
"60",8464883
"61",8464879
"62",8464887
"63",8464885
"64",8464871
"65",8464877
"66",8464875
"67",8464865
"68",8464855
"69",8464839
"70",8465791
"71",8464829
"72",8466031
"73",166178644
"74",166178643
"75",8466029
"76",8475438
"77",8484328
"78",8475298
"79",8475302
"80",8475292
"81",8475296
"82",8475282
"83",8477146
"84",8475286
"85",8475274
"86",8484322
"87",8484324
"88",8477170
"89",8477166
"90",8477154
"91",8477134
"92",8477110
"93",8477126
"94",8477118
"95",8477120
"96",8477124
"97",8477104
"98",8477106
"99",8477102
"100",8477092
"101",8477086
"102",8477082
"103",8477078
"104",8477088
"105",8476982
"106",8476972
"107",8477034
"108",8477032
"109",8477028
"110",8477016
"111",8477014
"112",8477006
"113",8476998
"114",8477022
"115",8477002
"116",8476994
"117",8476978
"118",8476962
"119",8476958
"120",8476948
"121",8476918
"122",8476950
"123",8476942
"124",8476924
"125",8477240
"126",8476932
"127",8476904
"128",8476926
"129",8476902
"130",8476898
"131",8484052
"132",8484054
"133",8476930
"134",8484062
"135",8476934
"136",8476988
"137",8484070
"138",8477012
"139",8475324
"140",8475332
"141",8475344
"142",8475310
"143",8484168
"144",8484172
"145",8475402
"146",8477066
"147",8477054
"148",8477242
"149",8477050
"150",8477024
"151",8476940
"152",8476910
"153",8471043
"154",8467615
"155",8466975
"156",8466847
"157",8466825
"158",8467563
"159",8466739
"160",8466671
"161",8466699
"162",8466659
"163",8465355
"164",8466645
"165",8465313
"166",8465293
"167",8465271
"168",8465241
"169",8465427
"170",8465151
"171",8465147
"172",8464881
"173",8464849
"174",8464843
"175",8464819
"176",8464807
"177",8464803
"178",8465415
"179",8464795
"180",8464793
"181",8464773
"182",8464753
"183",8464725
"184",8464723
"185",8464713
"186",8464707
"187",8464699
"188",8464693
"189",8464675
"190",8464669
"191",8464645
"192",8464647
"193",8464641
"194",8464827
"195",8464815
"196",8465407
"197",8464777
"198",8464775
"199",8464763
"200",8464741
"201",8464735
"202",8465755
"203",8465733
"204",8466059
"205",8466061
"206",8465781
"207",8465769
"208",8465197
"209",8465193
"210",8465181
"211",8465177
"212",8465167
"213",8465131
"214",8465101
"215",8465097
"216",8465423
"217",8465827
"218",8465075
"219",8465829
"220",8465841
"221",8465863
"222",8465853
"223",8466043
"224",8466795
"225",8466813
"226",8466809
"227",8466797
"228",8466749
"229",8466747
"230",8466733
"231",8466721
"232",8466773
"233",8466779
"234",8466763
"235",8466745
"236",8466731
"237",8466703
"238",8466681
"239",8466667
"240",8468901
"241",8466675
"242",8468199
"243",8468769
"244",8468171
"245",8467189
"246",8471049
"247",8467613
"248",8467217
"249",8467219
"250",8467139
"251",8467143
"252",8467153
"253",8467211
"254",8467213
"255",8467221
"256",8467205
"257",8467193
"258",8467161
"259",8467147
"260",8467135
"261",8467571
"262",8467567
"263",8467055
"264",8467179
"265",8467177
"266",8467145
"267",8467133
"268",8467095
"269",8467091
"270",8467097
"271",8467099
"272",8467071
"273",8467085
"274",8467075
"275",8467043
"276",8467045
"277",8467101
"278",8467171
"279",8467183
"280",8467209
"281",8467197
"282",8467225
"283",8468499
"284",8467227
"285",8468519
"286",8468555
"287",8468557
"288",8468571
"289",8468569
"290",8468611
"291",8468647
"292",8468653
"293",8468797
"294",8468687
"295",8468811
"296",8468801
"297",8468669
"298",8468649
"299",8468791
"300",8468633
"301",8468615
"302",8468601
"303",8468563
"304",8468509
"305",8468467
"306",8468465
"307",8468441
"308",8468321
"309",8468283
"310",8464977
"311",8464921
"312",8464901
"313",8465273
"314",8465283
"315",8465281
"316",8467077
"317",8467659
"318",8467037
"319",8467009
"320",8466951
"321",8466891
"322",8466821
"323",8466741
"324",8466719
"325",8466661
"326",8466685
"327",8465223
"328",8465215
"329",8465461
"330",8465235
"331",8466901
"332",8466787
"333",8466771
"334",8466711
"335",8465263
"336",8465249
"337",8465139
"338",8465087
"339",8465061
"340",8465049
"341",8464731
"342",8464719
"343",8464691
"344",8464683
"345",8464663
"346",8464659
"347",8464651
"348",8464653
"349",8464639
"350",8465737
"351",8465505
"352",8465731
"353",8467187
"354",8467617
"355",8468189
"356",8465365
"357",8466649
"358",8465363
"359",8466971
"360",8466911
"361",8466865
"362",8466781
"363",8467633
"364",8466757
"365",8467561
"366",8465145
"367",8465125
"368",8465237
"369",8465495
"370",8465229
"371",8465183
"372",8465157
"373",8465079
"374",8465133
"375",8465103
"376",8465069
"377",8465037
"378",8465041
"379",8465023
"380",8465021
"381",8465007
"382",8464989
"383",8464975
"384",8464963
"385",8464937
"386",8464927
"387",8464915
"388",8464891
"389",8464837
"390",8465419
"391",8465443
"392",8464785
"393",8464981
"394",8464939
"395",8464913
"396",8465483
"397",8464907
"398",8464867
"399",8464863
"400",8464873
"401",8464861
"402",8464859
"403",8464831
"404",8464825
"405",8465775
"406",8465789
"407",8464869
"408",8464899
"409",8464897
"410",8464905
"411",8464909
"412",8464895
"413",8464893
"414",8464945
"415",8464947
"416",8464943
"417",8464925
"418",8464967
"419",8465487
"420",8465001
"421",8465017
"422",8465045
"423",8465067
"424",8465121
"425",8465331
"426",8466695
"427",8468163
"428",8466691
"429",8466777
"430",8466841
"431",8466863
"432",8466879
"433",8466917
"434",8466931
"435",8466997
"436",8466969
"437",8466921
"438",8467005
"439",8466899
"440",8467007
"441",8466963
"442",8467011
"443",8466991
"444",8467107
"445",8467599
"446",8465759
"447",8466063
"448",8465753
"449",8466065
"450",8464643
"451",8467655
"452",8467569
"453",8467653
"454",8468823
"455",8466069
"456",8468159
"457",8465875
"458",8468175
"459",8465347
"460",8465319
"461",8466627
"462",8465345
"463",8465463
"464",25342185
"465",8468837
"466",8468835
"467",8468831
"468",8465449
"469",8465451
"470",166178645
"471",8477228
"472",8477004
"473",8477260
"474",8477038
"475",8477244
"476",8477230
"477",8476786
"478",8476778
"479",8476214
"480",8476888
"481",8477060
"482",8477058
"483",8477062
"484",8476784
"485",8476218
"486",8476766
"487",8476182
"488",8476158
"489",8476806
"490",8477096
"491",8477236
"492",8476378
"493",8476380
"494",8476818
"495",8476406
"496",8477160
"497",8477162
"498",8476396
"499",8477168
"500",8476426
"501",8476824
"502",8477128
"503",8484318
"504",8476414
"505",8476440
"506",8476830
"507",8476832
"508",8476452
"509",8476828
"510",8476436
"511",8476450
"512",8476454
"513",8476468
"514",8476490
"515",8476524
"516",8477158
"517",8476210
"518",8476966
"519",8476208
"520",8476172
"521",8476174
"522",8476074
"523",8476938
"524",8476072
"525",8476050
"526",8476748
"527",8476816
"528",8477094
"529",8476812
"530",8476354
"531",8476334
"532",8476274
"533",8476098
"534",8476960
"535",8476100
"536",8476114
"537",8476124
"538",8476000
"539",8477262
"540",8476820
"541",8477098
"542",8476808
"543",8476348
"544",8476368
"545",8477040
"546",8476342
"547",8476144
"548",8476992
"549",8476084
"550",8476338
"551",8477074
"552",8476292
"553",8476288
"554",8477238
"555",8476946
"556",8476034
"557",8476044
"558",8476052
"559",8476162
"560",8476128
"561",8476106
"562",8476102
"563",8474864
"564",8484326
"565",8475294
"566",8474860
"567",8474830
"568",8474828
"569",8475250
"570",8476018
"571",8476922
"572",8476002
"573",8475988
"574",8477108
"575",8476412
"576",8476250
"577",8477030
"578",8476258
"579",8477046
"580",8476312
"581",8476332
"582",8476362
"583",8476776
"584",8476996
"585",8476038
"586",8477266
"587",8475184
"588",8475306
"589",8475326
"590",8475474
"591",8475482
"592",8474908
"593",8474912
"594",8475304
"595",8477174
"596",8474898
"597",8476584
"598",8476592
"599",8475288
"600",8474884
"601",8475284
"602",8475280
"603",8474874
"604",8475276
"605",8475278
"606",8476854
"607",8476852
"608",8476858
"609",8476862
"610",8476598
"611",8476836
"612",8477130
"613",8476838
"614",8476488
"615",8476840
"616",8477148
"617",8477150
"618",8476480
"619",8476508
"620",8477156
"621",8476520
"622",8476528
"623",8477176
"624",8476532
"625",8476536
"626",8477178
"627",8476562
"628",8476570
"629",8476574
"630",8476822
"631",8477122
"632",8477112
"633",8476398
"634",8477114
"635",8476424
"636",8476366
"637",8476804
"638",8477090
"639",8477084
"640",8476364
"641",8476798
"642",8476800
"643",8477072
"644",8477068
"645",8476324
"646",8476346
"647",8476382
"648",8476796
"649",8476268
"650",8477056
"651",8476794
"652",8477052
"653",8477252
"654",8477254
"655",8476226
"656",8476990
"657",8476286
"658",8477036
"659",8476232
"660",8477018
"661",8476228
"662",8477246
"663",8477234
"664",8476224
"665",8477008
"666",8477026
"667",8476222
"668",8476212
"669",8477020
"670",8476296
"671",8476118
"672",8476112
"673",8476964
"674",8476974
"675",8476764
"676",8476762
"677",8476142
"678",8476750
"679",8476914
"680",8476954
"681",8476060
"682",8476066
"683",8476092
"684",8476068
"685",8476076
"686",8476088
"687",8476006
"688",8476928
"689",8476012
"690",8476046
"691",8475996
"692",8476908
"693",8476022
"694",8476920
"695",8476020
"696",8476912
"697",8476014
"698",8476010
"699",8476132
"700",8476976
"701",8477210
"702",8476190
"703",8477232
"704",8476200
"705",8477010
"706",8476202
"707",8476986
"708",8476780
"709",8477000
"710",8476770
"711",8476970
"712",8476768
"713",8476220
"714",8476980
"715",8476968
"716",8476772
"717",8476156
"718",8476140
"719",8476774
"720",8476984
"721",8476802
"722",8477064
"723",8477080
"724",8476386
"725",8477076
"726",8476392
"727",8476470
"728",8484320
"729",8477132
"730",8476472
"731",8476446
"732",8477116
"733",8476430
"734",8476418
"735",8477070
"736",8476388
"737",8476848
"738",8477152
"739",8476540
"740",8477164
"741",8475290
"742",8475300
"743",8475176
"744",8475172
"745",8474894
"746",8474896
"747",8475308
"748",8474914
"749",8474942
"750",8474910
"751",8475342
"752",8475010
"753",8475380
"754",8475400
"755",8474990
"756",8474948
"757",8475986
"758",8475994
"759",8476040
"760",8477250
"761",8476026
"762",8477264
"763",8476042
"764",8477248
"765",8476032
"766",8475964
"767",8475998
"768",8476906
"769",8475968
"770",8476894
"771",8475974
"772",8475972
"773",8475970
"774",8476896
"775",8475982
"776",8476900
"777",8476516
"778",8476498
"779",8476064
"780",8476936
"781",8476376
"782",8476916
"783",8476030
"784",8477100
"785",8476492
"786",8475980
"787",8476058
"788",8474824
"789",8477258
"790",8476478
"791",8477042
"792",8477048
"793",8477138
"794",8477140
"795",8476944
"796",8476952
"797",8475360
"798",8475364
"799",8465367
"800",8466641
"801",8465143
"802",8464729
"803",8464701
"804",8465765
"805",8465099
"806",8465093
"807",8465053
"808",8465031
"809",8465013
"810",8465055
"811",8465815
"812",8465823
"813",8465817
"814",8465811
"815",8465805
"816",8465807
"817",8465809
"818",8465861
"819",8465847
"820",8465845
"821",8466047
"822",8466045
"823",8465169
"824",8465175
"825",8465189
"826",8465207
"827",8465209
"828",8465205
"829",8465201
"830",8465851
"831",8466775
"832",8466689
"833",8468179
"834",8468183
"835",8468197
"836",8468223
"837",8468227
"838",8467031
"839",8467025
"840",8467021
"841",8467003
"842",8466945
"843",8466925
"844",8466889
"845",8467639
"846",8467181
"847",8467169
"848",8467125
"849",8467115
"850",8468903
"851",8467083
"852",8468403
"853",8468381
"854",8468377
"855",8468309
"856",8468333
"857",8468565
"858",8468559
"859",8468503
"860",8468459
"861",8468481
"862",8468477
"863",8468409
"864",8468413
"865",8468407
"866",8468367
"867",8468775
"868",8468273
"869",8468269
"870",8468247
"871",8468245
"872",8468225
"873",8468209
"874",8466053
"875",8468643
"876",8468645
"877",8468789
"878",8468607
"879",8468603
"880",8468573
"881",8468505
"882",8468433
"883",8468785
"884",8468695
"885",8468697
"886",8468701
"887",8468717
"888",8468721
"889",8468815
"890",8467105
"891",8467195
"892",8467237
"893",8467257
"894",8467303
"895",8467343
"896",8467347
"897",8467373
"898",8467399
"899",8467421
"900",8467435
"901",8467441
"902",8467451
"903",8467583
"904",8467175
"905",8467573
"906",8467625
"907",8467287
"908",8467353
"909",8466823
"910",8466805
"911",8466801
"912",8466753
"913",8468665
"914",8468651
"915",8465171
"916",8465165
"917",8465155
"918",8468629
"919",8468577
"920",8468527
"921",8468551
"922",8466727
"923",8466679
"924",8466635
"925",8465343
"926",8465339
"927",8465341
"928",8465467
"929",8465291
"930",8465499
"931",8467215
"932",8467121
"933",8467059
"934",8467637
"935",8464715
"936",8464687
"937",8466725
"938",8466715
"939",8466653
"940",8466633
"941",8466623
"942",8466625
"943",8465323
"944",8465303
"945",8465299
"946",8465305
"947",8465307
"948",8465503
"949",8467203
"950",8467307
"951",8468679
"952",8468681
"953",8468699
"954",8468691
"955",8468685
"956",8466057
"957",8468663
"958",8468703
"959",8468795
"960",8467231
"961",8467285
"962",8465411
"963",8464799
"964",8464791
"965",8464781
"966",8464767
"967",8464755
"968",8464749
"969",8464739
"970",8464711
"971",8468285
"972",8468239
"973",8468275
"974",8464985
"975",8465095
"976",8468655
"977",8467137
"978",8467155
"979",8467159
"980",8467065
"981",8467029
"982",8467053
"983",8466981
"984",8467131
"985",8467093
"986",8467061
"987",8467089
"988",8467073
"989",8467027
"990",8467069
"991",8467067
"992",8466995
"993",8466985
"994",8466943
"995",8466929
"996",8467595
"997",8466905
"998",8466867
"999",8467103
"1000",8467109
"1001",8467127
"1002",8467041
"1003",8466957
"1004",8466947
"1005",8468315
"1006",8466873
"1007",8467129
"1008",8467185
"1009",8467623
"1010",8468495
"1011",8468521
"1012",8468583
"1013",8468585
"1014",8468537
"1015",8468855
"1016",8468525
"1017",8468799
"1018",8468667
"1019",8468631
"1020",8468597
"1021",8468627
"1022",8468473
"1023",8468335
"1024",8468313
"1025",8468351
"1026",8468443
"1027",8468469
"1028",8468511
"1029",8468567
"1030",8468533
"1031",8468515
"1032",8468375
"1033",8468773
"1034",8468805
"1035",8468689
"1036",8468639
"1037",8468635
"1038",8468589
"1039",8468617
"1040",8468637
"1041",8468587
"1042",8468593
"1043",8468591
"1044",8468853
"1045",8468541
"1046",8467245
"1047",8467243
"1048",8467049
"1049",8467087
"1050",8467157
"1051",8467201
"1052",8467241
"1053",8467173
"1054",8467149
"1055",8467207
"1056",8467223
"1057",8467259
"1058",8467269
"1059",8467289
"1060",8467293
"1061",8467301
"1062",8467327
"1063",8467331
"1064",8467575
"1065",8467581
"1066",8467391
"1067",8467255
"1068",8467141
"1069",8467239
"1070",8467253
"1071",8467297
"1072",8467577
"1073",8466855
"1074",8466737
"1075",8465371
"1076",8466669
"1077",8465369
"1078",8466651
"1079",8465351
"1080",8465311
"1081",8465457
"1082",8465459
"1083",8465361
"1084",8466789
"1085",8466881
"1086",8466829
"1087",8466853
"1088",8466735
"1089",8466819
"1090",8466717
"1091",8466683
"1092",8466643
"1093",8467593
"1094",8466743
"1095",8466785
"1096",8466769
"1097",8466713
"1098",8466729
"1099",8467559
"1100",8466647
"1101",8467555
"1102",8465357
"1103",8465317
"1104",8465309
"1105",8465497
"1106",8465431
"1107",8465255
"1108",8465219
"1109",8465213
"1110",8465161
"1111",8465127
"1112",8465085
"1113",8465425
"1114",8465109
"1115",8465243
"1116",8465433
"1117",8465315
"1118",8465247
"1119",8465047
"1120",8465063
"1121",8465089
"1122",8465141
"1123",8465081
"1124",8465035
"1125",8465039
"1126",8465005
"1127",8465019
"1128",8465009
"1129",8464995
"1130",8464935
"1131",8464949
"1132",8464889
"1133",8464835
"1134",8464809
"1135",8464817
"1136",8465445
"1137",8464917
"1138",8464929
"1139",8465481
"1140",8464987
"1141",8464919
"1142",8465485
"1143",8464903
"1144",8465479
"1145",8464847
"1146",8464841
"1147",8464811
"1148",8465417
"1149",8464771
"1150",8464727
"1151",8464667
"1152",8464665
"1153",8464673
"1154",8464671
"1155",8464677
"1156",8464695
"1157",8464697
"1158",8464705
"1159",8464721
"1160",8464733
"1161",8464761
"1162",8464797
"1163",8465413
"1164",8464821
"1165",8464845
"1166",8464853
"1167",8464823
"1168",8465477
"1169",8464833
"1170",8464857
"1171",8464813
"1172",8465409
"1173",8464787
"1174",8464765
"1175",8464745
"1176",8464717
"1177",8464689
"1178",8464661
"1179",8465473
"1180",8464657
"1181",8464649
"1182",8464655
"1183",8464685
"1184",8464743
"1185",8465475
"1186",8464779
"1187",8465405
"1188",8465763
"1189",8465785
"1190",8464973
"1191",8464951
"1192",8464961
"1193",8464965
"1194",8465455
"1195",8465453
"1196",8464923
"1197",8465185
"1198",8465179
"1199",8465173
"1200",8465129
"1201",8464999
"1202",8465073
"1203",8465831
"1204",8465837
"1205",8468181
"1206",8465877
"1207",8468201
"1208",8465083
"1209",8465113
"1210",8465115
"1211",8465117
"1212",8465261
"1213",8465275
"1214",8466709
"1215",8466705
"1216",8466673
"1217",8466697
"1218",8466665
"1219",8466663
"1220",8468173
"1221",8468155
"1222",8465867
"1223",8465871
"1224",8468279
"1225",8468277
"1226",8465873
"1227",8468169
"1228",8468207
"1229",8468185
"1230",8466751
"1231",8466761
"1232",8466791
"1233",8466817
"1234",8466815
"1235",8466767
"1236",8466799
"1237",8466861
"1238",8466845
"1239",8466811
"1240",8466827
"1241",8466883
"1242",8466837
"1243",8466859
"1244",8467017
"1245",8467035
"1246",8467013
"1247",8468751
"1248",8468747
"1249",8468231
"1250",8468739
"1251",8468909
"1252",8468907
"1253",8468241
"1254",8465321
"1255",25342179
"1256",8471051
"1257",25527270
"1258",8468839
"1259",8468833
"1260",8468825
"1261",8468827
"1262",8465447
"1263",8468821
"1264",8468819
"1265",8468843
"1266",8468845
"1267",8476844
"1268",8476526
"1269",8477172
"1270",8477222
"1271",8476588
"1272",8476062
"1273",8474818
"1274",8476390
"1275",8476164
"1276",8476178
"1277",8476054
"1278",8476198
"1279",8476580
"1280",8476860
"1281",8476594
"1282",8476602
"1283",8476556
"1284",8476476
"1285",8476460
"1286",8476530
"1287",8476512
"1288",8476544
"1289",8476564
"1290",8476558
"1291",8477220
"1292",8476572
"1293",8476842
"1294",8476434
"1295",8477218
"1296",8476432
"1297",8476438
"1298",8476466
"1299",8476462
"1300",8476546
"1301",8476550
"1302",8476494
"1303",8476482
"1304",8476484
"1305",8476514
"1306",8476538
"1307",8476552
"1308",8476856
"1309",8476578
"1310",8476590
"1311",8476834
"1312",8476458
"1313",8476428
"1314",8477216
"1315",8476826
"1316",8476442
"1317",8476444
"1318",8477136
"1319",8476400
"1320",8476384
"1321",8476422
"1322",8476416
"1323",8476408
"1324",8476394
"1325",8476402
"1326",8476322
"1327",8476350
"1328",8476404
"1329",8476340
"1330",8476356
"1331",8476300
"1332",8476314
"1333",8476306
"1334",8476358
"1335",8476298
"1336",8476240
"1337",8476278
"1338",8476230
"1339",8476308
"1340",8476248
"1341",8476782
"1342",8476180
"1343",8476168
"1344",8476216
"1345",8476234
"1346",8476238
"1347",8476252
"1348",8476260
"1349",8476256
"1350",8476788
"1351",8476120
"1352",8476160
"1353",8476192
"1354",8476752
"1355",8476754
"1356",8476146
"1357",8476184
"1358",8476078
"1359",8476086
"1360",8476090
"1361",8476036
"1362",8476094
"1363",8476070
"1364",8476008
"1365",8476024
"1366",8475966
"1367",8475978
"1368",8475984
"1369",8475976
"1370",8476004
"1371",8476016
"1372",8476080
"1373",8476048
"1374",8476082
"1375",8476104
"1376",8476096
"1377",8476108
"1378",8476130
"1379",8476110
"1380",8476206
"1381",8476176
"1382",8476116
"1383",8476166
"1384",8476122
"1385",8476196
"1386",8476150
"1387",8476188
"1388",8476136
"1389",8476204
"1390",8476154
"1391",8477208
"1392",8476138
"1393",8477206
"1394",8476284
"1395",8476294
"1396",8476810
"1397",8476282
"1398",8476336
"1399",8476316
"1400",8476272
"1401",8476360
"1402",8476372
"1403",8476374
"1404",8477212
"1405",8476344
"1406",8476326
"1407",8476814
"1408",8476448
"1409",8476420
"1410",8476464
"1411",8476566
"1412",8474862
"1413",8474850
"1414",8474842
"1415",8477256
"1416",8474808
"1417",8484180
"1418",8476456
"1419",8475170
"1420",8474902
"1421",8474988
"1422",8474918
"1423",8475992
"1424",8475990
"1425",8475962
"1426",8476522
"1427",8476028
"1428",25342330
"1429",8477044
"1430",8477142
"1431",8476956
"1432",8477182
"1433",8477186
"1434",8475270
"1435",8475362
"1436",8465349
"1437",8465761
"1438",8464997
"1439",8466041
"1440",8465797
"1441",8466035
"1442",8465803
"1443",8466033
"1444",8465801
"1445",8468547
"1446",8468549
"1447",8468545
"1448",8467151
"1449",8467165
"1450",8467229
"1451",8467263
"1452",8467267
"1453",8467283
"1454",8467309
"1455",8467313
"1456",8467319
"1457",8467337
"1458",8467341
"1459",8467375
"1460",8467385
"1461",8468619
"1462",8467407
"1463",8468671
"1464",8468657
"1465",8468733
"1466",8468735
"1467",8468731
"1468",8468479
"1469",8468489
"1470",8468483
"1471",8467251
"1472",8467349
"1473",8467367
"1474",8467379
"1475",8467393
"1476",8467431
"1477",8467403
"1478",8468311
"1479",8468369
"1480",8468437
"1481",8468435
"1482",8467117
"1483",8468455
"1484",8468343
"1485",8468323
"1486",8468771
"1487",8468365
"1488",8468347
"1489",8468319
"1490",8468259
"1491",8468255
"1492",8468215
"1493",8468867
"1494",8468581
"1495",8468599
"1496",8465843
"1497",8468411
"1498",8468301
"1499",8468307
"1500",8468303
"1501",8465881
"1502",8468211
"1503",8468243
"1504",8468167
"1505",8468157
"1506",8468355
"1507",8468357
"1508",8468781
"1509",8468439
"1510",8468431
"1511",8468851
"1512",8468399
"1513",8468387
"1514",8468353
"1515",8468659
"1516",8468807
"1517",8468675
"1518",8468673
"1519",8465825
"1520",8467119
"1521",8467057
"1522",8467019
"1523",8467063
"1524",8466987
"1525",8466919
"1526",8466903
"1527",8466999
"1528",8466959
"1529",8466949
"1530",8466941
"1531",8466885
"1532",8467023
"1533",8467001
"1534",8466927
"1535",8466895
"1536",8467635
"1537",8466909
"1538",8466887
"1539",8467051
"1540",8467033
"1541",8467079
"1542",8467621
"1543",8467619
"1544",8467111
"1545",8467039
"1546",8466955
"1547",8466831
"1548",8466939
"1549",8466871
"1550",8467641
"1551",8467167
"1552",8467123
"1553",8467047
"1554",8467081
"1555",8468305
"1556",8468329
"1557",8468391
"1558",8468415
"1559",8468471
"1560",8468501
"1561",8468419
"1562",8468457
"1563",8468383
"1564",8468405
"1565",8468401
"1566",8468395
"1567",8468371
"1568",8468267
"1569",8468219
"1570",8468205
"1571",8468233
"1572",8468229
"1573",8468265
"1574",8468287
"1575",8468417
"1576",8468421
"1577",8468447
"1578",8468475
"1579",8468787
"1580",8468493
"1581",8468561
"1582",8468539
"1583",8468623
"1584",8468641
"1585",8468891
"1586",8468605
"1587",8468625
"1588",8468507
"1589",8468553
"1590",8468579
"1591",8468531
"1592",8468293
"1593",8468317
"1594",8468379
"1595",8468485
"1596",8468857
"1597",8468517
"1598",8468535
"1599",8468449
"1600",8468397
"1601",8468427
"1602",8468513
"1603",8468529
"1604",8468575
"1605",8468889
"1606",8468677
"1607",8468803
"1608",8468707
"1609",8468709
"1610",8468683
"1611",8468719
"1612",8468727
"1613",8468723
"1614",8468813
"1615",8468743
"1616",8468741
"1617",8468729
"1618",8468897
"1619",8468711
"1620",8468895
"1621",8468715
"1622",8468705
"1623",8468793
"1624",8468693
"1625",8468613
"1626",8468887
"1627",8468609
"1628",8468595
"1629",8467247
"1630",8467277
"1631",8467113
"1632",8467363
"1633",8467383
"1634",8467395
"1635",8467423
"1636",8467443
"1637",8467455
"1638",8467585
"1639",8467449
"1640",8467457
"1641",8467401
"1642",8467405
"1643",8467439
"1644",8467351
"1645",8467365
"1646",8467281
"1647",8467233
"1648",8467279
"1649",8467235
"1650",8467325
"1651",8467191
"1652",8467643
"1653",8467249
"1654",8467199
"1655",8467271
"1656",8467261
"1657",8467291
"1658",8467645
"1659",8467579
"1660",8467629
"1661",8467631
"1662",8467361
"1663",8467371
"1664",8467649
"1665",8467417
"1666",8467369
"1667",8467647
"1668",8467339
"1669",8467305
"1670",8467315
"1671",8467317
"1672",8467299
"1673",8467323
"1674",8466843
"1675",8466755
"1676",8466803
"1677",8466851
"1678",8467557
"1679",8465335
"1680",8465359
"1681",8465265
"1682",8465251
"1683",8465253
"1684",8465257
"1685",8465211
"1686",8465111
"1687",8465163
"1688",8465107
"1689",8465153
"1690",8465003
"1691",8464931
"1692",8464851
"1693",8464679
"1694",8464681
"1695",8464789
"1696",8464757
"1697",8464747
"1698",8464737
"1699",8464709
"1700",8464769
"1701",8464751
"1702",8464783
"1703",8464801
"1704",8464805
"1705",8464703
"1706",8465091
"1707",8465033
"1708",8465059
"1709",8465051
"1710",8465029
"1711",8465011
"1712",8464991
"1713",8464971
"1714",8464959
"1715",8465813
"1716",8466039
"1717",8465819
"1718",932080033
"1719",932080034
"1720",8465849
"1721",8465859
"1722",8466051
"1723",8466049
"1724",8465137
"1725",8465123
"1726",8465493
"1727",8465149
"1728",8465191
"1729",8465199
"1730",8465217
"1731",8465277
"1732",8465285
"1733",8465245
"1734",8465203
"1735",8466677
"1736",8465337
"1737",8465325
"1738",8466639
"1739",8465333
"1740",8466631
"1741",8465289
"1742",8465469
"1743",8466621
"1744",8465327
"1745",8465301
"1746",8465267
"1747",8465465
"1748",8465297
"1749",8465295
"1750",8465279
"1751",8465471
"1752",8465501
"1753",8466629
"1754",8466637
"1755",8466655
"1756",8466657
"1757",8466723
"1758",8466707
"1759",8465869
"1760",8468153
"1761",8465865
"1762",8468263
"1763",8468291
"1764",8468195
"1765",8468865
"1766",8468187
"1767",8468191
"1768",8468221
"1769",8468869
"1770",8466765
"1771",8466807
"1772",8466835
"1773",8466983
"1774",8467015
"1775",8468749
"1776",8468745
"1777",8467627
"1778",8468251
"1779",8468281
"1780",25342183
"1781",8468829
"1782",8468863
"1783",8468861
"1784",8467607
"1785",8467609
"1786",8468817
"1787",8468847
"1788",8476518
"1789",8476510
"1790",8476500
"1791",8477144
"1792",8476534
"1793",8476560
"1794",8476606
"1795",8476600
"1796",8476474
"1797",8476496
"1798",8476486
"1799",8476846
"1800",8476850
"1801",8476864
"1802",8476582
"1803",8476586
"1804",8476596
"1805",8476548
"1806",8477180
"1807",8476576
"1808",8476504
"1809",8476542
"1810",8476410
"1811",8476352
"1812",8476266
"1813",8476244
"1814",8476792
"1815",8476236
"1816",8476320
"1817",8476262
"1818",8476148
"1819",8476152
"1820",8476056
"1821",8477204
"1822",8476170
"1823",8476756
"1824",8476186
"1825",8476134
"1826",8476270
"1827",8476318
"1828",8476370
"1829",8476328
"1830",8474788
"1831",8474836
"1832",8474852
"1833",25342341
"1834",8477184
"1835",8475246
"1836",8475262
"1837",8475264
"1838",8475266
"1839",8464957
"1840",8464941
"1841",8466037
"1842",8468783
"1843",8468445
"1844",8466869
"1845",8466913
"1846",8466893
"1847",8466857
"1848",8468337
"1849",8468271
"1850",8468873
"1851",8468325
"1852",8468297
"1853",8468349
"1854",8468373
"1855",8468359
"1856",8468393
"1857",8468299
"1858",8468345
"1859",8468253
"1860",8468257
"1861",8468877
"1862",8468213
"1863",8468177
"1864",8468237
"1865",8468261
"1866",8468327
"1867",8468193
"1868",8468217
"1869",8468849
"1870",8468871
"1871",8468161
"1872",8468203
"1873",8468841
"1874",8468165
"1875",8465879
"1876",8468295
"1877",8468289
"1878",8468339
"1879",8468331
"1880",8468777
"1881",8468341
"1882",8468361
"1883",8468779
"1884",8468389
"1885",8468385
"1886",8468363
"1887",8468463
"1888",8468497
"1889",8468487
"1890",8468423
"1891",8468879
"1892",8468491
"1893",8468523
"1894",8468461
"1895",8468453
"1896",8468451
"1897",8468543
"1898",8468883
"1899",8468425
"1900",8468661
"1901",8468893
"1902",8468809
"1903",8468725
"1904",8468713
"1905",8468737
"1906",8468899
"1907",8467273
"1908",8467311
"1909",8467321
"1910",8467345
"1911",8467333
"1912",8467357
"1913",8467377
"1914",8468621
"1915",8468885
"1916",8467427
"1917",8467447
"1918",8467389
"1919",8467437
"1920",8467381
"1921",8467355
"1922",8467359
"1923",8467295
"1924",8467335
"1925",8467265
"1926",8467163
"1927",8467275
"1928",8467397
"1929",8467413
"1930",8467387
"1931",8467419
"1932",8467409
"1933",8467411
"1934",8467429
"1935",8467445
"1936",8467453
"1937",8465287
"1938",8465269
"1939",8465105
"1940",8464759
"1941",8465057
"1942",8464969
"1943",8465489
"1944",8464993
"1945",8465491
"1946",8465795
"1947",8466067
"1948",8465793
"1949",8465799
"1950",8465225
"1951",8465233
"1952",8468859
"1953",8467605
"1954",932080032
"1955",8476554
"1956",8476502
"1957",8476568
"1958",8476506
"1959",8476790
"1960",8477214
"1961",8476126
"1962",8476758
"1963",8474834
"1964",8474804
"1965",8474866
"1966",8475248
"1967",8475260
"1968",8468249
"1969",8468875
"1970",8468429
"1971",8468881
"1972",8467329
"1973",8467415
"1974",8467425
"1975",8467433
"1976",8467651
"1977",8465227
"1978",8476760
